{"accuracy": [0.6156056523323059, 0.8305853605270386, 0.8849847316741943, 0.9122412800788879, 0.9290703535079956, 0.9404509663581848, 0.9463404417037964, 0.9527135491371155, 0.956867516040802, 0.9606373310089111], "loss": [1.37363862991333, 0.5447047352790833, 0.35914865136146545, 0.27220407128334045, 0.2179766744375229, 0.18383027613162994, 0.16569817066192627, 0.14451424777507782, 0.13449959456920624, 0.12528827786445618], "val_accuracy": [0.8046892881393433, 0.8800933361053467, 0.8791258931159973, 0.9085476994514465, 0.8956863284111023, 0.9143523573875427, 0.8841907382011414, 0.9195310473442078, 0.9141247272491455, 0.9115638732910156], "val_loss": [0.6259182095527649, 0.3813144266605377, 0.38620641827583313, 0.28959476947784424, 0.35015302896499634, 0.29219749569892883, 0.41469606757164, 0.29880058765411377, 0.32958462834358215, 0.35254624485969543]}